{"epoch": 1, "batch": 570, "train_loss": 0.015446179173886776, "_timestamp": 1725763559.0598376, "_runtime": 959.4767315387726, "_step": 56, "_wandb": {"runtime": 1170}}