{"epoch": 1, "batch": 180, "train_loss": 0.07442784383893013, "_timestamp": 1725589160.302464, "_runtime": 1555.7489321231842, "_step": 17}