{"epoch": 1, "batch": 20, "train_loss": 0.6313057601451874, "lr": 9.778965073991652e-05, "_timestamp": 1725648471.8557827, "_runtime": 338.5720796585083, "_step": 1, "_wandb": {"runtime": 339}}