{"epoch": 2, "batch": 120, "train_loss": 0.012824004422873259, "lr": 9.999383162408304e-05, "_timestamp": 1725634958.5407705, "_runtime": 1951.3523054122925, "_step": 76, "val_loss": 0.00928894924517307}