{"epoch": 1, "batch": 70, "train_loss": 1.1400099873542786, "lr": [0.0], "_timestamp": 1725621988.1197858, "_runtime": 236.36003589630127, "_step": 6}