{"epoch": 1, "batch": 60, "train_loss": 0.23762731105089188, "lr": 8.002101126629424e-05, "_timestamp": 1725635203.2356145, "_runtime": 216.12765550613403, "_step": 5}