{"epoch": 1, "batch": 290, "train_loss": 0.06030914410948753, "_timestamp": 1725589942.4069073, "_runtime": 188.78043723106384, "_step": 28}