{"epoch": 2, "batch": 40, "train_loss": 0.16990736573934556, "_timestamp": 1725764145.9057224, "_runtime": 181.47896528244019, "_step": 8, "val_loss": 0.09875744466598217, "loss": 0.0001}