{"epoch": 1, "batch": 230, "train_loss": 0.30260515213012695, "_timestamp": 1725589162.9938853, "_runtime": 1637.1719951629639, "_step": 22}